{
  "project_info": {
    "project_number": "136434866085",
    "project_id": "my-application-c67c5",
    "storage_bucket": "my-application-c67c5.appspot.com"
  },
  "client": [
    {
      "client_info": {
        "mobilesdk_app_id": "1:136434866085:android:5fb8a22e53643f05b4ba4c",
        "android_client_info": {
          "package_name": "com.example.myapplication"
        }
      },
      "oauth_client": [
        {
          "client_id": "136434866085-vfjair0jhhkgjl40slfqfrfic0rpgkgo.apps.googleusercontent.com",
          "client_type": 3
        }
      ],
      "api_key": [
        {
          "current_key": "AIzaSyC1pleWqDf90pGSlvpUhH8qqvHEo-jTmwU"
        }
      ],
      "services": {
        "appinvite_service": {
          "other_platform_oauth_client": [
            {
              "client_id": "136434866085-vfjair0jhhkgjl40slfqfrfic0rpgkgo.apps.googleusercontent.com",
              "client_type": 3
            }
          ]
        }
      }
    }
  ],
  "configuration_version": "1"
}