{
  "project_info": {
    "project_number": "162335589815",
    "project_id": "mlproject-f7c5b",
    "storage_bucket": "mlproject-f7c5b.appspot.com"
  },
  "client": [
    {
      "client_info": {
        "mobilesdk_app_id": "1:162335589815:android:1f122c97c59f4f0aebd432",
        "android_client_info": {
          "package_name": "com.example.mllanguagedetetor"
        }
      },
      "oauth_client": [
        {
          "client_id": "162335589815-46ntf59kect8sb13g50b8urg1mhofkm9.apps.googleusercontent.com",
          "client_type": 3
        }
      ],
      "api_key": [
        {
          "current_key": "AIzaSyAM2M1wLjhJzK6xt0BG8gcfKggEqKQLfns"
        }
      ],
      "services": {
        "appinvite_service": {
          "other_platform_oauth_client": [
            {
              "client_id": "162335589815-46ntf59kect8sb13g50b8urg1mhofkm9.apps.googleusercontent.com",
              "client_type": 3
            }
          ]
        }
      }
    }
  ],
  "configuration_version": "1"
}